Nama (Inisial),Usia,Apa merk dan varian mie instan favorit anda?,Seberapa sering anda konsumsi mie instan?
DPA,30 tahun - 45 tahun,Indomie-goreng-Original-Jumbo,Setiap bulan minimal 1 bungkus namun tidak setiap minggu
PYJ,30 tahun - 45 tahun,Indomie-goreng-original-jumbo,Setiap bulan minimal 1 bungkus namun tidak setiap minggu
EKG,< 15 tahun,Lemonilo-goreng-rasa mie goreng,Tidak setiap bulan namun pernah sesekali makan mie instan dan dalam jangka waktu yang lebih lama
Wit,15 tahun - 29 tahun,indomie-rebus-ayam bawang 🤤🤤,Setiap bulan minimal 1 bungkus namun tidak setiap minggu
MAN,15 tahun - 29 tahun,indomie-goreng-original,Setiap bulan minimal 1 bungkus namun tidak setiap minggu
Abp,15 tahun - 29 tahun,Mie fajar,Tidak setiap bulan namun pernah sesekali makan mie instan dan dalam jangka waktu yang lebih lama
Lilo,15 tahun - 29 tahun,Indomie - Goreng - Original,Setiap minggu minimal 1 bungkus namun tidak setiap hari
NHP,15 tahun - 29 tahun,Indomie - goreng - original,Setiap bulan minimal 1 bungkus namun tidak setiap minggu
RPA,15 tahun - 29 tahun,Indomie goreng original,Setiap bulan minimal 1 bungkus namun tidak setiap minggu
Leonardo,15 tahun - 29 tahun,Indomie - goreng - rendang - jumbo,Setiap minggu minimal 1 bungkus namun tidak setiap hari
MJY,15 tahun - 29 tahun,Indomie - goreng - Original,Setiap bulan minimal 1 bungkus namun tidak setiap minggu
KC,15 tahun - 29 tahun,Indomie goreng rasa rendang jumbo,Setiap bulan minimal 1 bungkus namun tidak setiap minggu
AZHR,15 tahun - 29 tahun,Samyang-Goreng-Carbonara,Tidak setiap bulan namun pernah sesekali makan mie instan dan dalam jangka waktu yang lebih lama
NDF,15 tahun - 29 tahun,Mie Sedap - kuah - ayam bawang,Tidak setiap bulan namun pernah sesekali makan mie instan dan dalam jangka waktu yang lebih lama
mra,15 tahun - 29 tahun,indomie goreng original ,Setiap minggu minimal 1 bungkus namun tidak setiap hari
Atika,15 tahun - 29 tahun,Indomie kuah soto banjar,Tidak setiap bulan namun pernah sesekali makan mie instan dan dalam jangka waktu yang lebih lama
Miko,15 tahun - 29 tahun,Sedap-goreng-original,Setiap bulan minimal 1 bungkus namun tidak setiap minggu
RBZ,< 15 tahun,Indomie - Kuah - Rawon Mercon,Setiap minggu minimal 1 bungkus namun tidak setiap hari
yy,15 tahun - 29 tahun,Indomie - kuah - ayam bawang,Setiap minggu minimal 1 bungkus namun tidak setiap hari
TT,30 tahun - 45 tahun,Mie Sedaap Goreng Original,Setiap minggu minimal 1 bungkus namun tidak setiap hari
JHP,15 tahun - 29 tahun,"Indomie - Goreng - Aceh",Setiap bulan minimal 1 bungkus namun tidak setiap minggu
JA,30 tahun - 45 tahun,Indomie Kuah Ayam Bawang,Setiap minggu minimal 1 bungkus namun tidak setiap hari
mer,15 tahun - 29 tahun,indomie - goreng - aceh,Setiap minggu minimal 1 bungkus namun tidak setiap hari
ZF,30 tahun - 45 tahun,Indomie Kuah Ayam Bawang,Setiap minggu minimal 1 bungkus namun tidak setiap hari
NS,30 tahun - 45 tahun,Sarimi - goreng - ayam kecap - isi 2,Setiap bulan minimal 1 bungkus namun tidak setiap minggu
MWS,15 tahun - 29 tahun,Indomie - goreng - Iga penyet,Setiap bulan minimal 1 bungkus namun tidak setiap minggu
YWS,45 tahun - 60 tahun,Indomie Goreng original,Setiap hari 1 bungkus
MNU,15 tahun - 29 tahun,Indomie - kuah - kari ayam,Setiap minggu minimal 1 bungkus namun tidak setiap hari
KGP,15 tahun - 29 tahun,Sarimi - Goreng - Ayam Kecap - Isi 2,Setiap bulan minimal 1 bungkus namun tidak setiap minggu
ANI,15 tahun - 29 tahun,Indomie kuah soto,Setiap minggu minimal 1 bungkus namun tidak setiap hari
AFM,15 tahun - 29 tahun,Indomie Goreng Original,Setiap minggu minimal 1 bungkus namun tidak setiap hari
Saiful,30 tahun - 45 tahun,Indomie- goreng - Original,Tidak setiap bulan namun pernah sesekali makan mie instan dan dalam jangka waktu yang lebih lama
DAA,15 tahun - 29 tahun,Indomie - Goreng - Original,Tidak setiap bulan namun pernah sesekali makan mie instan dan dalam jangka waktu yang lebih lama
ikak,15 tahun - 29 tahun,Indomie - Kuah - Kari,Setiap bulan minimal 1 bungkus namun tidak setiap minggu
HAW,15 tahun - 29 tahun,Indomie - goreng - original ,Setiap minggu minimal 1 bungkus namun tidak setiap hari
Vida ,15 tahun - 29 tahun,Mie sedap - kuah- ayam bawang ,Setiap bulan minimal 1 bungkus namun tidak setiap minggu
Eva nada,15 tahun - 29 tahun,Mi kuah gaga pedas jalapeno,Setiap bulan minimal 1 bungkus namun tidak setiap minggu
STY,15 tahun - 29 tahun,Kuah,Setiap bulan minimal 1 bungkus namun tidak setiap minggu
DEY,15 tahun - 29 tahun,Indomie - Kuah - Soto ,Setiap bulan minimal 1 bungkus namun tidak setiap minggu
ARE,15 tahun - 29 tahun,Indomie - goreng - Original,Setiap minggu minimal 1 bungkus namun tidak setiap hari
RN,15 tahun - 29 tahun,Indomie - Kuah - Ayam Spesial,Setiap minggu minimal 1 bungkus namun tidak setiap hari
Theo,15 tahun - 29 tahun,Indomie - Kuah - kari ayam,Setiap bulan minimal 1 bungkus namun tidak setiap minggu
W,15 tahun - 29 tahun,Sedap - goreng - cheese buldak,Setiap bulan minimal 1 bungkus namun tidak setiap minggu
FFI,15 tahun - 29 tahun,Indomie Goreng Original,Setiap bulan minimal 1 bungkus namun tidak setiap minggu
SNF,45 tahun - 60 tahun,Indomie-Kuah-Ayam-Spesial,Setiap bulan minimal 1 bungkus namun tidak setiap minggu
MDP,15 tahun - 29 tahun,Indomie - goreng - original,Setiap minggu minimal 1 bungkus namun tidak setiap hari
BNW,15 tahun - 29 tahun,indomie - kuah - Tori kara,Setiap bulan minimal 1 bungkus namun tidak setiap minggu
SPN,15 tahun - 29 tahun,Indomie-goreng-rendang,Setiap bulan minimal 1 bungkus namun tidak setiap minggu
SMSP,15 tahun - 29 tahun,Sedap - Kuah - Kari Ayam Spesial ,Setiap minggu minimal 1 bungkus namun tidak setiap hari
DAN,15 tahun - 29 tahun,Mie Sedap Goreng Original,Setiap bulan minimal 1 bungkus namun tidak setiap minggu
EGP,15 tahun - 29 tahun,Sedap-kuah-kari ayam spesial,Setiap minggu minimal 1 bungkus namun tidak setiap hari
whiska,> 60 tahun,GAGA KUAH PEDAS JALAPENO LV,Setiap hari lebih dari 1 bungkus
agoi,< 15 tahun,indomie goreng ayam bawang lv100,Setiap minggu minimal 1 bungkus namun tidak setiap hari
izmi,45 tahun - 60 tahun,sarimie goreng kuah meledak,Setiap hari lebih dari 1 bungkus
isyu,30 tahun - 45 tahun,sedap jos awe awe,Setiap bulan minimal 1 bungkus namun tidak setiap minggu
kuzan,> 60 tahun,mie 100,Setiap minggu minimal 1 bungkus namun tidak setiap hari
aokiji,> 60 tahun,indomie kuah santan,Setiap hari 1 bungkus
kainu,< 15 tahun,nig,Setiap hari lebih dari 1 bungkus
ismoi,15 tahun - 29 tahun,level 20 pangkat 3 indome,Setiap minggu minimal 1 bungkus namun tidak setiap hari
Ratih Ajeng G. ,30 tahun - 45 tahun,Sarimi - kuah - ayam bawang,Tidak setiap bulan namun pernah sesekali makan mie instan dan dalam jangka waktu yang lebih lama
MS,45 tahun - 60 tahun,Indomie - goreng - original,Setiap bulan minimal 1 bungkus namun tidak setiap minggu
B,15 tahun - 29 tahun,Indomie-goreng-original,Setiap minggu minimal 1 bungkus namun tidak setiap hari
MGH,15 tahun - 29 tahun,Indomie - goreng - original ,Setiap bulan minimal 1 bungkus namun tidak setiap minggu
Lian,30 tahun - 45 tahun,Indomie Goreng Original ,Setiap bulan minimal 1 bungkus namun tidak setiap minggu
Tika,15 tahun - 29 tahun,Indomie rebus ayam bawang ,Setiap minggu minimal 1 bungkus namun tidak setiap hari
R,30 tahun - 45 tahun,Sedap. Kuah Ayam bawang,Tidak setiap bulan namun pernah sesekali makan mie instan dan dalam jangka waktu yang lebih lama
AKS,15 tahun - 29 tahun,Gaga-kuah-pedas-jalapeno,Setiap bulan minimal 1 bungkus namun tidak setiap minggu
RIN,45 tahun - 60 tahun,Indomie - Kuah - Kari Ayam,Setiap bulan minimal 1 bungkus namun tidak setiap minggu
Bsy,45 tahun - 60 tahun,Indomie - goreng - aceh,Setiap minggu minimal 1 bungkus namun tidak setiap hari
Emi,30 tahun - 45 tahun,Indomie kuah ayam bawang,Setiap bulan minimal 1 bungkus namun tidak setiap minggu
SS,45 tahun - 60 tahun,Indomie - kuah - ayam bawang,Tidak setiap bulan namun pernah sesekali makan mie instan dan dalam jangka waktu yang lebih lama
FSK,45 tahun - 60 tahun,Indomie-kuah-kari-ayam,Setiap bulan minimal 1 bungkus namun tidak setiap minggu
Ati,30 tahun - 45 tahun,Kuah,Tidak setiap bulan namun pernah sesekali makan mie instan dan dalam jangka waktu yang lebih lama
AVF,15 tahun - 29 tahun,Mie Sedap - Kuah - Ayam Bawang,Setiap bulan minimal 1 bungkus namun tidak setiap minggu
Ditto,15 tahun - 29 tahun,Sedap - kuah - soto,Setiap bulan minimal 1 bungkus namun tidak setiap minggu
ESW,45 tahun - 60 tahun,Indomie-kuah-soto,Setiap bulan minimal 1 bungkus namun tidak setiap minggu
Kuncoro haryadi,45 tahun - 60 tahun,Indomie - kuah - soto - spesial,Tidak setiap bulan namun pernah sesekali makan mie instan dan dalam jangka waktu yang lebih lama
Listianingsih,45 tahun - 60 tahun,Sarimi-rebus-ayam bawang,Tidak setiap bulan namun pernah sesekali makan mie instan dan dalam jangka waktu yang lebih lama
HLB,15 tahun - 29 tahun,Indomie - goreng - Hype - ayam geprek,Setiap minggu minimal 1 bungkus namun tidak setiap hari
ISM,> 60 tahun,indomie-kuah-ayam bawang,Tidak setiap bulan namun pernah sesekali makan mie instan dan dalam jangka waktu yang lebih lama
MDS,15 tahun - 29 tahun,Sedap-kuah-ayam bawang,Setiap minggu minimal 1 bungkus namun tidak setiap hari
KW,15 tahun - 29 tahun,Sedap-goreng-original,Tidak setiap bulan namun pernah sesekali makan mie instan dan dalam jangka waktu yang lebih lama
KW,30 tahun - 45 tahun,Sedap-Goreng-Original,Setiap hari lebih dari 1 bungkus
Nigga,15 tahun - 29 tahun,Mie sedaap kuah soto madura,Setiap minggu minimal 1 bungkus namun tidak setiap hari
Melati,45 tahun - 60 tahun,Indomie goreng original,Tidak setiap bulan namun pernah sesekali makan mie instan dan dalam jangka waktu yang lebih lama
DR,15 tahun - 29 tahun,Indomie - Goreng - Jumbo Original,Setiap minggu minimal 1 bungkus namun tidak setiap hari
BIC,< 15 tahun,"Indomie, goreng, aceh",Setiap minggu minimal 1 bungkus namun tidak setiap hari
Yanti,45 tahun - 60 tahun,sedaap-kuah-ayam bawang,Tidak setiap bulan namun pernah sesekali makan mie instan dan dalam jangka waktu yang lebih lama
Aulia,< 15 tahun,Sedap-goreng-original,Setiap bulan minimal 1 bungkus namun tidak setiap minggu
ASF,15 tahun - 29 tahun,Indomie - goreng - hype abis ayam geprek,Setiap bulan minimal 1 bungkus namun tidak setiap minggu
RHA,15 tahun - 29 tahun,Gaga 100 - kuah - jalapeno level 5 extra pedas,Setiap hari 1 bungkus
